No,X1_transaction_date,X2_house_age,X3_distance_to_MRT_station,X4_number_of_convenience_stores,X5_latitude,X6_longitude,Y_house_price_of_unit_area
1,2013.4981604753893,34.90808570098726,966.4079977511673,1,25.007911244099102,121.58202692735642,27.57332986756567
2,2015.8028572256396,26.80481831720602,2732.4096895228727,5,25.045589435346148,121.56160452598131,34.488276526533646
3,2014.9279757672457,15.476380814316387,4371.081887588221,4,24.92158874292929,121.44321027300234,30.59279993834931
4,2014.394633936788,40.68975098534743,3674.513187727328,9,25.037059603223174,121.49332155693945,38.287215884326905
5,2012.6240745617697,34.23655862769397,4042.477681914176,8,24.918374177542006,121.5633446405117,39.91252550929306
6,2012.6239780813448,8.130846967244565,3310.977665218051,4,25.0930259484254,121.41347691095712,38.24485768194804
7,2012.2323344486729,45.546359224692125,3476.7689943633695,1,24.997678826012987,121.47747851713373,19.372453628547262
8,2015.4647045830998,41.12686214615845,4253.51847524833,4,24.930135221541974,121.57036824737479,29.91000251025952
9,2014.4044600469729,47.4899956645962,1285.8566438529704,3,24.96847672720671,121.48077957283402,38.63369591667281
10,2014.8322903111841,36.285975419418,2472.6535700335453,10,24.98268328985905,121.41552292894629,49.44582940251236
11,2012.0823379771832,30.670759796789493,1144.986737007031,6,25.05163700221531,121.50850687370645,47.63641693386857
12,2015.879639408648,20.912151814530944,4938.956639583403,5,25.048684757215323,121.57234849898366,33.947332312323
13,2015.3297705632017,46.63642416770066,4723.0937314487355,1,25.022388101067467,121.51805710859063,11.112057136294789
14,2012.849356442713,43.30319447502042,245.16271627410418,10,24.921186142511697,121.44525582164285,51.81975666519296
15,2012.7272998688284,2.2609335053094703,3542.597103952658,10,24.930313874317534,121.47684792402748,55.33923936299049
16,2012.7336180394138,1.3183487248626002,4629.979171207546,4,24.91875138412911,121.49002467223639,26.329419680268945
17,2013.2169689718382,18.82316834390248,943.847958380301,6,25.01543455665751,121.51585327076411,52.09470725311019
18,2014.099025726529,40.52766653909165,2861.328891235516,10,25.07542768830228,121.55187020515052,41.95226382078236
19,2013.7277800745685,49.363806465747224,4581.6670730608075,6,24.986760102450955,121.41977472352814,17.253749041707014
20,2013.164916560792,7.520844555176409,218.03259399970426,4,24.93216963479155,121.57793040660351,49.99724576486723
21,2014.4474115788896,29.706535767606756,3502.2303228718574,8,25.011608465029795,121.40246194060322,39.032007193881945
22,2012.5579754426083,19.044542831551077,1521.8775864941263,3,25.06235044337314,121.47401046693486,47.847065500559154
23,2013.1685785941409,48.49571989073016,4625.761167113826,10,25.04834241230259,121.40548406199454,29.057688240922765
24,2013.4654473731748,42.105946156785436,4856.73831356857,2,25.076290155935006,121.47859484506905,23.151431584646488
25,2013.8242799368682,41.91643523555689,4724.119121111498,3,24.955580419449774,121.50516251977466,20.120369961558023
26,2015.140703845572,23.434657989748516,2397.3603724544455,4,24.938790773453555,121.5023362773163,45.53472425165307
27,2012.7986951286334,20.74097511688326,4317.111122397101,5,25.075963297188387,121.43312566940565,29.16969380904927
28,2014.0569377536544,13.670353596535312,4230.519522748598,2,25.031512062555606,121.52914810201912,28.502248366769575
29,2014.3696582754483,2.8187748325463557,1629.5473425541154,1,24.96218578600151,121.40895569010094,44.8490488541505
30,2012.18580165088,43.23611881275266,4153.131597045853,3,25.048469610114502,121.55238136402647,21.36595405723738
31,2014.4301794076057,40.64505045650388,233.18779184168847,4,25.063023676896073,121.58932888679871,49.405666639566576
32,2012.6820964947492,49.98588366430653,3001.5358984861628,3,25.02299564806823,121.46795376543022,14.958736781825898
33,2012.2602063719412,49.831841853695266,1188.5437445741302,10,25.037576821975982,121.50344787634286,61.21975641497047
34,2015.7955421490133,27.771585280131372,646.8060845975301,2,24.975051980888534,121.47578205561176,46.72336702794875
35,2015.8625281322982,38.44937075902553,430.9183480645853,7,25.007739133468608,121.40134207806082,49.44293788679433
36,2015.2335893924658,47.238286494121404,3496.629440596792,9,25.004831834145232,121.47717490057903,33.5837584808929
37,2013.2184550766935,42.482369533870575,1732.3810706519273,3,25.069609558226155,121.55834405185226,30.261280729336423
38,2012.3906884560256,12.367405087159883,3637.5955190673694,1,25.067992796056437,121.5191977684367,33.32987824936388
39,2014.7369321060487,22.527206765504676,373.51388695476476,1,25.06653609386941,121.42025198292303,48.34917687953654
40,2013.7606099749585,6.457970757574749,1610.6871722615213,0,24.902206322852493,121.56942789793875,39.19654227077047
41,2012.488152939379,47.70255136293612,2720.481897257919,3,25.049909096893778,121.50621706897705,33.62177716972209
42,2013.9807076404452,30.308731722544003,3964.0796659528696,9,25.051735278022203,121.56834467234893,34.550681919666836
43,2012.1375540844608,11.432140275173136,1627.824889513746,8,25.035675764571028,121.516044303757,49.01217921994515
44,2015.637281608315,33.58503422029283,3148.162313363195,10,25.05125293157829,121.51193768896759,53.250384193323924
45,2013.0351199264,30.90641202289479,4435.589853769126,6,25.06839407429934,121.42105183703941,33.50567019197864
46,2014.650089137416,17.908135901642027,3098.5227815024077,9,24.994063810820357,121.43347194662773,54.119186331062
47,2013.2468443043576,5.677879609981451,1203.1494000304872,6,25.00041004269769,121.59440505129932,50.011190574914664
48,2014.0802720847112,33.57865977963998,170.7838687048632,6,24.924942811382277,121.44569734935095,46.45485576374004
49,2014.1868411173732,26.015385045189664,4356.989425809603,7,24.97707517660947,121.59549042359806,32.61739076010738
50,2012.739417822102,38.61591958678196,155.28358370941635,0,25.028673035982358,121.50638254130486,33.518511997723266
51,2015.8783385110582,26.00817505559967,4379.7732797867875,9,25.056079955229457,121.42715780941279,41.82550713552841
52,2015.1005312934444,42.609075015927004,2668.2388134346993,9,24.94344181953824,121.41986044055075,38.12045314341618
53,2015.7579957662567,27.595341938724278,4698.385107638836,7,24.927564579831845,121.44177281414115,26.37112258985208
54,2015.5793094017106,28.046898576769312,4003.9770170796437,3,25.0326084009001,121.58512746600506,28.27612240284715
55,2014.3915999152443,43.832680132917254,4989.773847140021,3,24.900375976704982,121.48283004486565,11.45139584529865
56,2015.6874969400924,20.17414331061985,1786.0234864859653,3,24.935674516861464,121.47908685359859,32.02031991700727
57,2012.3539700082076,6.700761422532037,3847.5820302090783,5,24.90581427606879,121.46264125221404,39.41814759150139
58,2012.7839314496766,1.4391338156669486,2039.5580223657487,6,24.933377023570973,121.42941237011333,42.62436952842012
59,2012.1809091556422,37.75686278368095,2425.3843205043486,5,24.9362638559851,121.49757023943849,40.422416543851085
60,2013.3013213230531,31.015477567673233,3156.152042930932,0,24.97753471895008,121.42600955650224,17.93792788377939
61,2013.554709158758,35.20398840496118,4374.701715222377,7,24.98046542493731,121.56709604727646,20.361925970301023
62,2013.0853961270957,10.648208075445536,4921.213172536511,9,25.074852494122048,121.47407939725507,38.73048846397981
63,2015.3149500366078,6.818573779338488,3852.953398629365,10,25.002021942499766,121.47496071355636,49.412633389534044
64,2013.4270133067744,0.7272332833940964,2117.945571728302,6,25.04468095312246,121.49480128569662,53.649477474749965
65,2013.1237380387495,17.529377940329848,2135.7171612714974,5,24.920827471584058,121.48882554263315,44.92267930662282
66,2014.170784332633,29.495884342731653,3701.0323928650128,5,24.94508775109274,121.59897159461185,27.349509627266734
67,2012.563696899899,19.612202254986617,1231.9468715530966,4,25.040588688195736,121.50907622424366,49.521910870371556
68,2015.2087879230162,21.873746101186452,596.8468600004036,5,24.910560792093705,121.41764034075798,55.25433440204078
69,2012.298202574719,45.20793472468742,1805.3796803218438,8,24.99731953244875,121.52137546831538,37.38191053870686
70,2015.947547746402,17.41277335116502,1471.8330086877045,9,25.019873793132586,121.43031685857397,54.511972257913904
71,2015.0889790771867,25.69947445799054,1516.7251962571509,8,25.020429128810495,121.40618752894628,49.33433154577198
72,2012.7948627261367,39.18265063705715,1206.3583676970543,9,24.904586562253606,121.59414843073544,51.31532088433775
73,2012.0220884684943,19.827139116063506,258.3612886999913,7,24.964421600845835,121.5547077783069,55.73543286281044
74,2015.2618457138194,31.104335011393676,138.47597693039836,9,25.027298130209832,121.59602179848275,57.63693075156502
75,2014.8274293753905,43.11818543733726,4939.225829193356,8,24.92979994722985,121.49557568960445,31.577492874040495
76,2014.916028672164,47.4760311828821,2167.477011992519,9,25.03908312966561,121.5064515062298,37.350540087167104
77,2015.0850813867437,7.353674046451896,1952.4169034404242,7,25.049185041762737,121.43366739118383,55.71867894516644
78,2012.2961786069363,46.32938125807472,3414.2540493306956,7,25.09639383808923,121.44938148533352,38.73557903358036
79,2013.433862914177,24.60581465397691,1130.3567449320676,0,24.94196839897128,121.56770984298056,45.13714684659093
80,2012.4634762381006,12.912219414947918,4752.307860553616,9,25.065026133533223,121.47123712942351,29.64795825206075
81,2015.4524137035023,22.956787811913067,3942.407821356983,10,25.00405931538373,121.56536299475928,42.48641626406508
82,2014.4931925073101,49.00162876427385,492.5844614456846,4,24.974692519228835,121.5418027448574,31.011086191721475
83,2013.3235920994107,24.63090469964348,2117.0248401353956,3,24.924475351465034,121.43543418505438,25.85028594056586
84,2012.2542334011441,16.437580514375412,4401.6356224327155,1,25.04710112129751,121.50148927322395,25.78101297156119
85,2013.2439292868626,31.67004271583629,4726.423510342481,7,24.947171519828736,121.53547746430374,28.8711106692849
86,2013.300733288107,12.007280938909654,2363.6374806868553,2,24.974284400374607,121.44700744296077,40.07888307374656
87,2014.9184247133524,3.7931664054331957,3086.386376593003,3,24.912508445379473,121.56613770210402,41.860756645841604
88,2014.5502298854208,6.443986095532461,876.8180331557724,6,25.060273383163906,121.50896553150903,61.922193796101
89,2015.5488509703052,6.402291947888622,4956.284699378034,9,25.05331770479433,121.43304841008853,41.56749104527214
90,2013.8888597006478,7.595134675614718,1196.7749218480449,8,25.046723166008462,121.51659688523291,72.3543630746708
91,2012.4783769837532,6.941358632470507,4716.5222819688715,1,24.959888702098375,121.59994276083118,27.867030275340554
92,2014.852979148892,32.04373724016073,3265.7509125122237,2,24.93469601485319,121.4301042983327,37.27051948822672
93,2015.0431401944677,9.094004219957242,3058.2971346503527,3,25.027510652894048,121.5633513860239,26.31612405813982
94,2014.245108790278,17.28336416619316,2587.8081295317174,9,24.999233276822643,121.44146180063751,56.62464775023659
95,2015.0838687198182,44.839420495300594,1191.8155680029056,0,24.935650493380926,121.55647766589202,29.68529356241749
96,2013.9751823854576,23.69808201314362,923.813758427266,6,25.037182254209974,121.54691558462429,40.52977030678423
97,2014.090931317528,33.37788692605136,1141.406734897368,1,25.09822528636426,121.46009787712009,38.382325793838355
98,2013.7101640734343,8.615993560081492,972.8693976140598,4,25.04944391754841,121.46516462351289,49.03607725398366
99,2012.1016765069764,9.614450940433539,3908.943144155429,0,25.047997277337124,121.55850427839258,30.471215239333507
100,2012.4315657079733,2.043430813323943,1783.1200328753139,2,25.09006255058612,121.49228910237747,49.52675287938164
101,2012.125716742747,8.446753153608228,336.32124898881204,1,24.94058727351498,121.54616360574236,40.33861722516549
102,2014.5456416450552,13.92951695159793,4847.058019197016,0,25.013109992984287,121.42959682947317,26.660449730811333
103,2013.2574239243054,8.85052421383734,4424.740130568957,6,25.095929343006777,121.57051155638031,37.25353950410759
104,2014.0342827646589,4.43512668785278,4642.373801816304,4,24.933058822194035,121.54217694333646,40.221798858029004
105,2015.6302658957043,6.03179355503004,4974.793722099855,0,25.040050391888904,121.58138856176696,22.290752178002368
106,2012.9971689165955,23.038938401636287,910.7814836364621,5,25.01716202919438,121.426474475807,46.182366598669695
107,2013.6415316921425,10.316685920289625,2011.397993568161,4,25.01729581843774,121.51860290007212,44.98327445951706
108,2015.0222045541723,18.213493052403773,3803.280454735252,2,25.039534125504016,121.51982411700807,30.028853342501876
109,2012.9151926619666,25.170863542742843,3495.3020593662714,6,25.08592338457514,121.47069214810936,33.65830663288712
110,2012.307919639315,34.51974143146826,811.7847363822825,10,25.05651638797027,121.49169328491385,53.10363023387169
111,2013.159005811655,1.9656069920549468,4088.373968703558,9,24.91122722068324,121.40759631265797,40.83407038629679
112,2012.644885149016,39.97051994545213,1160.9808305914703,8,25.070545603975145,121.5491720077254,46.03071441445604
113,2015.7187906093702,31.39501947454539,1157.8971933719843,8,24.945108265985144,121.50986449588063,54.17355849076436
114,2015.2324815182576,4.087951597443595,2708.023393322397,8,24.975382832947275,121.41154821037384,50.54672668462422
115,2014.5336150260416,43.67893120533886,2985.0526774664304,1,24.992346562722478,121.53615117859209,29.016383731302835
116,2015.485842360751,46.04362002659066,2921.426728797165,2,24.996181200150613,121.49335641544624,24.65263300977161
117,2015.2146883075964,3.0538979927431873,502.8598451188866,6,24.98703607985107,121.40689225188501,51.41194138796604
118,2012.7462802355442,13.843882407360187,4393.431270020383,4,25.087470658843174,121.59392154536961,34.86605336547295
119,2015.5702359939598,40.31006398965307,1364.720210814095,1,25.041203801532806,121.58982242861788,29.715264043866583
120,2014.1573689676627,37.41298451918292,691.0988603498806,2,25.02623412919134,121.50258048322944,38.15377389867805
121,2015.2297606206562,9.226050967818866,4449.302995351437,9,24.909968405556587,121.41873448414118,49.17352997031774
122,2015.584365199694,10.467466166835514,4780.474916237279,5,25.080782666052077,121.55092424431972,27.153033270155376
123,2013.2720138998875,18.5236051395691,4317.531705463981,6,25.08187803840168,121.49838622002115,35.678978868131296
124,2012.4402076981107,24.226149259551065,4057.1045698881467,8,25.05604261268602,121.46048949565788,38.24404062251498
125,2012.9117406501678,30.912738576514798,3293.4478041631573,0,24.901405840762724,121.49828363550571,27.76356798341529
126,2013.708431154505,18.445681978488622,2776.7439845152394,10,24.911456050215524,121.5044888290811,54.85834231128733
127,2015.27205906369,23.126735806657393,480.58446156148017,6,24.945044740453696,121.51254233980447,53.97825197143984
128,2015.4429223330253,37.37354690668783,2071.8434046999587,7,24.92626988162898,121.48824474273107,40.62684567159186
129,2012.0278085221248,1.834160144529895,1894.8081592109543,2,24.979767205940746,121.52115106062782,46.34257368071606
130,2014.0429892103102,12.621847217201038,1335.7812296136146,3,25.08452461161756,121.58374694212127,52.21281917249443
131,2013.6696440125952,35.66747929422762,3630.9295627584956,9,24.9944120868394,121.47245361741972,39.008658699740735
132,2012.888431241883,44.76034188435997,2504.5848886399153,5,24.90268052528643,121.54514329264398,32.7126924193773
133,2012.4794614693346,25.583872105783307,451.1787687428573,9,24.95654913791575,121.57889051136485,60.009795812890665
134,2013.3504606856145,26.605674263265783,1139.906849651566,6,24.908918981674592,121.49119585515199,48.5123985746105
135,2015.77163881565,5.358600566988803,3432.130880115,3,24.9072575245227,121.48869116727639,30.543218309739366
136,2013.292811728083,22.370618341172733,426.8477544769859,7,24.95514397061911,121.52042339707096,56.351229727250654
137,2014.0751624869736,26.630863322751157,4263.474224541405,4,24.955122467735787,121.5182813518845,21.959557836648806
138,2014.8120758355808,12.123525181736483,2500.975308719173,0,25.05742532052032,121.56131786846525,35.730469133925425
139,2013.4545184095173,13.462161547469048,2428.9035577669074,3,25.094966930556225,121.49529667675566,35.83112012489191
140,2015.8871283308838,18.864208155231132,2982.4185340646122,2,24.974241418778,121.59922458992789,33.61301890403932
141,2015.8497891797685,1.0035598888863184,4132.170781329489,8,24.98577737577221,121.41189431377346,46.99104765768284
142,2013.0071291833015,16.103958279158913,1771.6555791158555,7,25.068957887257206,121.40063356971615,62.5800513503909
143,2013.9889940235696,10.572400349827232,3406.179955167365,0,24.953627804019103,121.52803966231193,33.51112992814962
144,2013.203513239267,16.374867608895734,2850.3732217791658,10,24.931276360880688,121.45968698247238,57.65966765714713
145,2013.13936197751,5.988106590962561,1371.7899373386356,5,25.070617924680732,121.4480764777399,60.703357429487674
146,2012.1475477894182,44.52636403699475,4399.218432458032,8,24.909300117288012,121.46237981600086,33.09227821160864
147,2014.4382573359196,29.679622677702433,3997.258806954294,6,25.023939888039884,121.451209513021,34.5382681632538
148,2014.0107160929153,33.95511595722448,3309.336581559206,3,25.01239856949336,121.4061580099321,23.933176760905546
149,2012.205915005,39.45856193036691,4260.379559016497,0,24.969184089500338,121.5943066084781,16.277383963805473
150,2013.1145858569464,24.922109946452863,4343.106294751022,1,24.963037904219473,121.44414909769056,19.192396894129722
151,2015.6330635438667,4.346014404371185,3556.3967347394223,4,25.054371545236325,121.54680595251786,36.908917754369604
152,2012.9582475626678,26.85532709092739,4193.215975400177,10,24.917284922152508,121.55251927893883,50.33063887668324
153,2012.579579488365,29.342055901043956,3502.483735262954,4,24.947356861862275,121.58585147960144,32.258072099371994
154,2013.9578110411103,37.271973709216496,3416.696820213487,7,25.04648974636762,121.40610989141868,31.355425897587068
155,2015.9426018164424,21.58297731148397,3112.1263221651625,5,25.009664116745284,121.5744096676894,44.837142469185515
156,2012.968221086046,6.379015139778188,3775.9473658103243,7,24.925597641706716,121.50544523616796,47.98293601020217
157,2014.6885421896236,14.188795289936223,835.0952712007148,1,25.076427122856412,121.52650882199316,48.606152520017545
158,2015.0464784613148,18.154114819931756,4410.310258034696,2,24.978689569312717,121.5288940554242,16.471563248335023
159,2012.9505501759695,32.295862066580064,4365.625462338899,5,25.065573675064435,121.56395956099693,38.226468856938915
160,2014.9128653944474,28.538915233445593,194.77405102106778,9,25.057542603105542,121.46668146443183,55.671881464391554
161,2013.471132530877,17.80483629489231,4137.792915295575,2,25.024885089294347,121.54661023797199,31.85935839901821
162,2014.5292233223743,49.32576243964898,687.9058439935537,5,24.998896226259017,121.50571562194443,54.3817410012227
163,2014.5341188430436,30.288740967844358,1708.8383285827524,5,25.09591016807635,121.55867880286107,53.14584980768602
164,2014.143098736299,11.861339586799724,3730.3658686434583,1,24.928993014475964,121.59810920655403,24.901958153379358
165,2012.3611590802177,5.089123631020187,845.7614854391256,6,25.045031145510222,121.44013020348075,49.021868798486956
166,2015.341209982357,7.642956959216601,4098.936769389358,1,24.938238140292956,121.598929728312,36.364162059527864
167,2013.283120259887,12.297886419225406,4169.064180890822,5,24.96765262106647,121.41796243085656,36.17559222774826
168,2012.7460740415995,8.034068662977784,2561.9652821161394,0,24.96173974867464,121.40046350958097,32.27554578401557
169,2012.163100566219,9.328351202565289,81.61006499832622,2,25.089407197547747,121.40883238723558,53.89953704893402
170,2014.363571772753,14.254758434692356,1470.8387592158183,1,25.093471235557658,121.46835648094735,39.55498078621599
171,2014.710257447369,8.66867976473774,3103.788245959924,6,24.936603088846944,121.52658126613568,47.38707552602277
172,2012.0663513157115,44.83827123132126,4906.871581235746,3,24.9044070320595,121.41380590817758,18.349069763518557
173,2014.0483722331971,4.011687283082111,3177.4769587325086,7,25.044001607932625,121.40113316290592,50.52104866305366
174,2012.9059831007917,26.225569478512732,1336.0277262675909,5,24.983597986774097,121.58741820569175,40.97952707942628
175,2014.5806911616378,20.519841349483077,3188.328230343076,9,24.91776804901751,121.56438532718798,53.024716509102866
176,2012.69746571602,49.11893084543032,2722.9276295934847,3,25.036750821115408,121.5618366342278,31.13779945206567
177,2014.76375095241,5.601945108402617,3910.2347059981607,4,25.00902110565214,121.57688485510039,39.99972978450627
178,2013.5469413852022,19.892779952287082,579.5541621934441,8,25.09610336440022,121.54000685455442,51.54604556828668
179,2015.7469199549469,48.473521663768445,3817.0881173850385,6,24.945481899172275,121.42088082594962,36.87066499716551
180,2012.550083776584,43.275356294699016,2729.269564446746,9,24.980795575265308,121.47982003761474,41.30246479252523
181,2013.364265404201,40.853603547464,4816.810419102024,8,25.008509160679086,121.54462989729292,33.300111152399886
182,2012.4538940849623,12.895141352246991,1742.267221891496,6,25.05833999769067,121.4560668921583,47.80599916613537
183,2015.6987744731143,8.544379369503291,3181.478371013043,0,25.009767731344013,121.53748127282725,32.833739657494284
184,2015.509357413524,33.43216099622155,4663.539122274587,7,25.02258003217239,121.40489968965353,32.13829285035763
185,2013.0317665108607,46.46879945637929,557.4231535538623,3,24.94522941031799,121.46122746817592,25.17258973529979
186,2014.6399361841368,27.83814465069649,4689.281011820433,2,25.069383745617714,121.50982606725543,25.11439216896304
187,2015.268888800805,28.580634473494992,3455.034325389026,6,24.985726109394093,121.52641796590125,45.9773453396168
188,2014.2208032463977,13.998954683014208,385.7934425706009,2,24.928191925504354,121.51540813289238,50.57024767720252
189,2014.118602313424,38.47464665959684,1539.7696563867405,7,25.032837582901085,121.53955125521469,39.97021647573855
190,2012.9674091636018,9.352187427876169,3555.451838794144,5,24.94321809063706,121.40121774964797,42.666892408435864
191,2012.3724110712235,16.183961820212183,383.3854772704199,4,24.91951250204786,121.42018823999551,56.525286718450936
192,2015.5888630318134,21.27182193082084,2931.7437778725525,3,25.072397381680855,121.57378885045583,37.522067112342924
193,2015.6016722286533,25.38051893422275,1762.121131917136,7,24.99203245289769,121.53634972881802,47.204603127997274
194,2014.532405829093,12.120486620754011,3123.5318129490115,7,25.049856742539156,121.42258632853721,43.535448819909085
195,2013.3561191641948,5.741841236960177,276.4230673719386,0,24.95811751196127,121.56841488747972,45.66378351521822
196,2013.3968382984506,30.53100212208163,4364.107190454262,8,25.057394026983534,121.44844624356492,38.50904791616027
197,2014.903822715481,14.431527662012789,4868.770397428115,4,24.922387185404304,121.49565197683904,22.291069738957447
198,2015.5884410398103,29.061911071130613,4845.945383664173,3,24.97119467475897,121.42903930257694,21.192333956062914
199,2015.5483456970605,7.718135763710116,3760.7765671274774,5,25.095612363594707,121.54202201128435,46.858725550304314
200,2015.1195021834305,24.057005092740873,693.9268886466283,5,25.058797943273603,121.53337088420285,57.48424036183047
201,2014.5681265846172,26.629471627579292,3803.4028198486617,1,24.999451186062938,121.44222249423323,17.603408973474597
202,2012.3365598599803,2.5911768411213454,171.70523647106748,7,24.967955494312378,121.5726801533714,56.70705270899021
203,2012.6465148563784,16.830213909696027,159.5115800685364,6,25.074427140004495,121.48026120484394,54.800275029108825
204,2015.5942167541084,6.720733846948712,1651.8705847902293,0,25.008969551816904,121.45850301821415,44.187374507536
205,2014.4257162386384,3.168748523638387,2468.7837925030954,4,25.051685003573823,121.43046591789292,35.56808471012806
206,2012.0367882064666,49.49801161949726,3863.5167181485763,5,25.050821536063232,121.4532336025031,25.558969748820548
207,2012.405886171464,16.117692248736148,3432.3121142022005,3,24.9035891357137,121.40440538424477,31.63223597146993
208,2014.6540070764322,40.493722292731746,2257.218396564904,1,24.925250756558523,121.51665149849123,35.19561470078212
209,2012.0202463353849,12.732032738188192,1404.4519980942462,3,25.03192587327895,121.56844614926878,36.773587818226034
210,2012.64323220567,34.075136111196464,4985.76627578067,0,24.932323962257172,121.50979608988833,15.31133086520582
211,2014.1949351574663,38.011392994484325,2159.597446068066,6,24.95109866893112,121.44385479238478,37.83054768457141
212,2014.7675807907708,29.781937030392214,2284.3657704318935,1,25.089327590839922,121.40673383564278,38.99258467010931
213,2014.6078450380105,23.57880942750792,859.9379148987624,1,25.012036451674984,121.44292561465177,43.61493082902006
214,2012.8970772378423,20.592045707363425,3984.30726631215,8,25.05014590139987,121.48322428561421,36.971771659941545
215,2014.84871688539,17.443413327149766,3483.727017618369,4,25.011596147756528,121.55192228573996,39.61527313040864
216,2012.9489963499873,46.476457212391296,1142.809583304364,1,25.010502722956545,121.43756857050757,30.398870653217923
217,2013.3015987926372,41.530970389386454,457.78617579842137,10,24.91883038202514,121.54395829067093,60.24842656039073
218,2014.9859656204721,48.251345533325626,3418.4715452698297,8,24.96873263852182,121.57338669367037,33.24685365922527
219,2014.5985315961889,6.214861174277236,3289.8305106916196,8,24.9564861797373,121.49078936962167,52.959721988102544
220,2015.3968936419767,36.54337376018221,1402.6346586411362,0,24.97814567312272,121.56428639832852,34.2042243543759
221,2014.6304515692013,46.91702284105189,4756.774633139531,10,25.059668837644868,121.51093146960702,48.4434753854439
222,2014.273234413342,9.061653308283008,797.7365643154561,2,24.974386533583374,121.52741816741617,47.0283411588578
223,2012.3746990713123,3.3248133683388748,2190.0572651608795,3,24.990339363846335,121.50525569206764,45.966581121801184
224,2013.4708632122376,37.056032464502955,4720.898804829614,6,24.979476278097064,121.49263454335026,24.88157252792139
225,2013.060809470727,28.723655658995597,2127.6502187843053,9,24.918681594395057,121.44693068835517,48.75807891215369
226,2012.9759585735164,42.0914388379136,3210.7034409372236,3,24.988214431650157,121.46063881189221,13.809875473192594
227,2015.8920422190097,6.988618831314475,2018.0922699158316,1,24.939121854608903,121.45799402378873,42.14087308373166
228,2013.572390898667,39.76336559299451,1407.3652516259167,6,24.937344659154608,121.51265778619076,49.748535128719126
229,2015.5681862207084,10.081366002387227,4920.68935740115,5,24.91880722088685,121.42399073860479,34.35529343527485
230,2014.524554503989,8.182797143285224,2076.203331259463,2,24.97133419482835,121.58335833814046,34.59483691083023
231,2015.1792452141665,8.213289896549647,4475.791058211716,5,25.051496376957886,121.54413102905662,31.14812197643152
232,2014.0105483724208,40.728736011569104,1188.2752991608766,10,24.955288338116677,121.48028912618264,39.689042064943536
233,2014.3076155385054,33.25986103481001,1104.8682849241623,5,24.962469820377102,121.43172482890527,49.392320299263304
234,2013.9700707752754,26.153271238455964,204.11371027833124,4,25.028534931534484,121.57639843394432,44.100883613523656
235,2012.7809719511922,17.941524206175124,3275.750785610631,3,24.939168162517383,121.56475561802023,34.09524585903316
236,2014.889808461046,43.86002704065541,1874.2054014326177,9,25.079391586084707,121.54434431054344,44.70227701900418
237,2013.1230894497635,19.622255371131768,4328.573336706203,0,25.00403810465031,121.45430940948225,29.909091883420786
238,2012.0972638657258,40.82997197357886,2392.389038123208,9,24.989520588064043,121.48048932748674,44.215469807138994
239,2014.5818891836286,21.95674542851092,4842.557468177873,5,25.011564038385842,121.42054965049049,33.24465363108741
240,2012.7084427176283,18.84722147124538,968.3513027304497,1,24.93320686268324,121.43780790494552,44.23639586571245
241,2015.7618343374118,23.13398928348032,4349.684681380273,2,25.022694627727837,121.55660332746335,32.10843690786154
242,2015.8157143080105,15.068893708207105,3894.1544213191214,7,24.9726201473268,121.54300774377013,38.81294130842747
243,2015.6594575608817,37.380469008812554,3866.0631309880573,9,25.079437268192926,121.51869715259518,46.80362029493853
244,2013.4806348010218,25.136019504623956,4231.676979178594,5,24.933770841335537,121.57914534518522,21.372498470723272
245,2012.0618264661155,11.610634757340865,3817.0687551678443,2,25.00141022077309,121.5166533035626,35.718833286964696
246,2015.7132742503509,44.978728663728425,3149.790592075506,6,25.019622525873803,121.49339359999273,28.424330397183283
247,2013.7127365932693,19.19456106866057,699.6621445278184,3,24.906676720357275,121.46807414926116,44.279573192862976
248,2015.8666192761748,27.17764305569943,211.004588481697,8,24.972738624951226,121.58808970114723,59.63875547538686
249,2015.854479908357,45.32360554822735,4608.19684668765,4,25.046527046940167,121.41654309230488,24.16894435133226
250,2015.4120378218695,31.211899795699605,3102.4190568776535,2,25.064075501489796,121.58617747441215,32.156474845352214
251,2013.1777955682783,5.844902035418204,3992.859590332073,1,24.962632398963457,121.5653429319862,23.35144171718798
252,2013.5403909144077,46.991606180673756,2433.535639987123,10,25.05971865447655,121.42598598490714,50.97999110225845
253,2015.4045466860675,31.385402653570893,630.6755353638526,1,25.09355117542068,121.51299687153505,34.927765935971095
254,2013.2676880206252,16.745280732854305,669.6696714026247,2,25.07137478721502,121.57330959634982,41.791631972004595
255,2012.6779709867444,6.963603633169363,3443.548171783408,1,24.923528797631864,121.51436183272143,35.882661741966295
256,2014.2272050498334,39.7012594635148,2180.01417975234,3,25.047946066417108,121.58143996431212,31.75594538837765
257,2015.7446190966432,31.003637796425675,1042.5973971666667,1,24.96393336648811,121.5885967633632,39.027225878051425
258,2014.7841191866999,26.673054598816076,2483.3930063701127,9,25.097683197882418,121.48447690443686,36.79811510534067
259,2014.2802446803576,44.69462915254788,367.83423852191373,8,24.997071796631978,121.47546273228127,52.17406230922222
260,2012.388705975083,39.42986056122654,2930.758439476274,1,24.92448677967179,121.58726423079382,26.606409031811744
261,2014.4600289067967,7.583743986637559,1381.5173519537334,8,25.045037109605477,121.53502801222993,54.26799735541864
262,2015.9602154004172,15.586103389777412,3997.9175481540815,5,24.96460223967724,121.42320453626964,24.96420144347242
263,2012.5603360609462,12.424456990723288,1586.29169667169,0,25.099415631416335,121.40845834984454,37.27716311201654
264,2014.0733186094549,37.19731462863385,2303.339737954916,3,25.095956491570906,121.51292581019945,33.1372376226422
265,2015.5094922877117,1.676621736788969,107.52167254509814,0,25.031226803604117,121.58603419308768,47.12326016458534
266,2014.9630744710169,28.494484243565825,408.61209458306644,5,24.92596528979034,121.56884974048116,40.22772193185243
267,2014.788062963981,38.122934287034525,1992.8431042130899,3,25.037372199535007,121.53516954929286,42.57257422940877
268,2014.8099363359484,43.838281838087475,2425.6972318497615,2,24.918606097292006,121.42782316977822,25.525721649603085
269,2013.437964604879,17.104087435795375,3020.1017131905533,2,24.905872831820478,121.45084627674974,32.65724188869412
270,2013.174367377058,41.06286523360064,1493.729764611051,8,25.0645916892443,121.57510224531052,34.1651200007731
271,2015.2374446219142,5.531586847760361,3490.1603363263857,5,24.941950589536734,121.43656144733139,48.863999007531
272,2015.2404535787168,42.32261458672591,4307.605866086563,8,24.97580542524382,121.45568788165009,29.43243663487913
273,2015.4682892743203,6.374433116599121,3910.2623950220814,4,25.094691477995237,121.42592013023909,37.02867217528087
274,2015.652962210226,19.864364528018363,246.11318547436787,1,24.96736810037222,121.53522164628288,50.41381193830591
275,2014.0453695954438,39.86476828897768,2428.5093889262535,7,24.959297956256663,121.58879646107263,36.5165015450923
276,2014.0060651787487,7.4958713674386885,569.4043831699656,4,25.083641599924555,121.45379360631908,57.72044161085128
277,2015.1931807158671,11.462569761632075,1248.122828519511,1,24.92214968906379,121.49508132157001,32.01398764920711
278,2014.599855723111,36.11262841965331,4933.979836672375,3,25.05191648202293,121.52686794794224,23.25124557859869
279,2014.8078675090308,36.00182682730372,755.3529373624905,8,25.097613113330556,121.59989324964312,59.28389809759469
280,2015.1831706777443,32.057381644264865,2519.4963595842123,3,25.08025920215493,121.42096161299952,30.883219472709328
281,2015.5600213672703,34.697422223355,3109.8708848746896,3,25.030333583741285,121.49971415990115,35.635827010112045
282,2013.3519806274062,27.13622216737981,3527.201604193315,1,24.962812158998545,121.4770240239805,35.3927385897884
283,2013.5023318105598,12.589952945347637,2820.2609832602247,5,24.950864396235662,121.57316403304446,40.847500009824486
284,2012.3759277593635,17.284799675195973,98.36569472495911,10,25.063851020974294,121.49519354620233,62.63509019456712
285,2014.3131205639847,9.079885840071283,1665.9834758077598,1,25.07596438279034,121.42219550491703,36.4546481397783
286,2012.143769095187,45.422528066681416,2612.6726347543217,6,25.005086982509138,121.52688482905731,32.76122763029831
287,2013.86239207253,29.169589738306023,484.9391707669251,2,24.948867988157293,121.55415612365277,38.74762777331046
288,2014.1705785388303,20.042570838181994,1785.6033094854447,2,24.922588641682232,121.40057625033313,34.56365670898205
289,2013.1461650085132,23.100290182206635,214.3553885172645,4,24.917435893566363,121.57179133708412,55.99231248630847
290,2014.363333042276,47.36416698059077,438.96356091735265,2,25.04381548947077,121.43720460000114,33.64630197479471
291,2012.1220009997562,7.66757015580401,2014.7702171979006,1,24.984023745569544,121.51041387293067,40.91848744086741
292,2012.1493927549968,29.31149160083986,706.9429825131488,9,25.081071974855575,121.48315950013749,55.863004783263484
293,2015.2904022426387,25.2944339442233,2859.3271988947126,8,25.047934260145354,121.54393076332211,51.60550663511506
294,2013.440762565645,30.57271177173239,3462.8515972294654,1,24.938252083582917,121.47423232295715,22.998147322057886
295,2012.5082420506076,0.9055091910420254,4012.90416058996,10,25.02275548376314,121.57395263533634,51.5695666730092
296,2014.0889730402191,43.606195447207575,1040.74370901181,1,24.98710109087963,121.54609927219175,37.66977133215923
297,2015.0799742123945,46.60591412418062,879.0387821823953,7,25.015449946153723,121.52954263421259,53.071779888436744
298,2012.8632841099873,28.256659179460446,567.6108096552813,8,25.047613824667703,121.55924811911257,52.096181472659126
299,2014.491561903276,34.83254119384461,3200.329735241002,6,25.061239176200758,121.55080460698568,32.459126621979706
300,2012.3413898599752,46.124969058864785,3547.0548461101607,2,25.068747465281344,121.40718773498432,17.118329781989498
301,2012.2067268846745,35.36193171566993,206.3514168869281,8,24.950794974914405,121.47894687076897,65.54116150510559
302,2014.1254185262726,7.626952145713068,4684.250618906264,2,24.90622311998347,121.5861614594633,35.2130234526567
303,2014.1625404864403,28.81441800834066,307.25785407478844,4,25.047858947032957,121.42514485379844,47.608378355563644
304,2014.5497196059928,30.335752319142795,2729.4168597402986,8,24.921268745251155,121.54741931008641,52.90938576119095
305,2014.9043653348906,21.2065335651193,3559.8495712820363,2,24.962983917722593,121.59491836226707,29.32947510222574
306,2015.90340831785,36.82221178123614,4361.297162543124,6,24.900763426824867,121.410439725809,32.76890301008119
307,2014.0652013932047,46.718350738450745,3584.7303140555177,0,25.036333896480325,121.53643877612532,18.111702716800792
308,2013.291825891765,46.278425645338814,4018.5540111954697,3,24.933426402294245,121.49363082826021,24.01272950917336
309,2015.1807447790748,22.541968570206606,1730.27845308689,3,25.031056481938332,121.51583505107494,42.0448243761713
310,2013.0833290050482,5.661902292037762,4083.3843130452356,6,25.098348523433568,121.41706826729687,37.75958088027924
311,2013.7558856828225,49.242059948116726,446.568489604142,7,24.914534174322004,121.40860139037339,52.457032257971036
312,2012.313825525369,41.94490432229671,4479.342447499612,0,24.91541560239029,121.53337333211019,18.59957855423243
313,2012.1014029736618,6.2331340601633425,2760.5822619609944,4,24.968076018533335,121.56466188596414,47.46562143965341
314,2015.8505936587117,46.04209413086862,4095.623961314344,6,25.07327730285027,121.55640306698659,29.31038788166443
315,2015.3439204820488,43.49481810310641,2288.9755083655855,3,24.943105973758264,121.50876114557325,26.97382761835448
316,2014.7838968243748,25.941902856303606,3235.7095912227987,3,24.97207556398607,121.41997336422725,40.585811519783434
317,2013.6358117776572,29.563771787246463,2655.6931716337604,3,24.913701081325396,121.5376088887672,32.53962143782013
318,2012.6931772802834,19.95013519350651,3671.3681326888927,5,25.05263105825178,121.44837777671083,37.478453921345654
319,2012.6257481706843,2.7380819411015667,454.0684110514184,6,24.98166126855189,121.58221374055347,62.085140156523785
320,2013.0009715926583,16.759862082295047,348.7428157532908,1,25.05184974661217,121.56765307190913,47.015435877633124
321,2014.1969066588244,40.14267242990057,1273.1610083502248,4,25.08072156886936,121.54187659341747,44.16847833543008
322,2014.8583836908003,0.23160115023014294,839.7461665602823,3,24.946552629420257,121.58976919116623,57.09867843371204
323,2014.640789506871,16.67495858455721,4365.328654631398,2,25.06147920606799,121.40628436430227,26.046701636239604
324,2013.1197355877837,19.908434679547167,1135.1092374223194,6,24.91181877801565,121.54724008501215,58.479260118802486
325,2015.8194611226527,26.869780146896144,4880.5330163047,10,25.079769477636052,121.46604855586729,36.201883103601325
326,2014.951587666783,45.992780820638025,1717.634169266979,5,25.03015370951175,121.58121317713727,39.29774015187764
327,2014.2174162100457,17.317299718298063,951.4836826590614,6,25.074845344827672,121.4533350393324,50.10900075319412
328,2014.4468829849375,17.347660094811385,3959.007610355272,4,24.900037679911314,121.54497129986301,29.633296306526272
329,2013.678400249711,36.87506240548742,3310.6034887293367,5,24.933816214071197,121.57552940393015,37.605419278661415
330,2012.9909239580047,22.610897044490358,2516.068796443038,4,24.9779518774853,121.40833136367654,54.245871391567924
331,2013.423890714605,11.230241146999099,2799.0495771412748,6,24.975900580674942,121.47952951591841,42.82688032859231
332,2015.0313844418574,22.62197580663467,3610.048802447706,1,24.945346076584702,121.55246180640438,33.23977111916146
333,2012.057573954519,7.042851018989992,1180.8509695899288,10,24.97632238797344,121.49098377790152,60.35333328285239
334,2012.4642905620276,8.819349325311165,4981.8528844808725,4,24.92576974240005,121.45345052595871,30.392505895722266
335,2012.184010568087,24.918388636973987,4875.226152626577,5,24.982552225853205,121.44396106976464,36.93627150693328
336,2012.162915209276,20.946272475227396,3269.1121474173374,5,25.060470865831853,121.42630365338329,32.002881094968565
337,2015.421842336044,45.742295053405,1037.7351320992684,4,24.99581401262067,121.57142591197125,32.39784048036654
338,2014.8146314375201,18.119694955831655,3417.129800034892,9,24.903600017789042,121.51507108065032,45.0424492692603
339,2013.8966953163492,29.02941751390217,407.38212444692044,6,24.98428880831585,121.4152769889983,54.57254426328312
340,2012.391336642604,31.61321439597652,201.72988591874002,9,24.905435003218166,121.47651606471413,59.82571911001775
341,2013.9664635004674,0.6547228294166818,1325.5302981305076,7,25.09324868214136,121.47354673016102,58.97932753898744
342,2013.8938870831223,33.17686860083553,2339.983635859616,6,24.925490791884574,121.4363478381419,40.51768114800915
343,2012.6928074796401,8.901798343487572,4347.948901771483,4,25.041537665266123,121.48710152509445,37.522416123015915
344,2013.7354065969519,48.053515873472755,3649.4868953432247,0,25.094555264578418,121.46641987307864,2.768148551017191
345,2013.5940189375895,7.433136387655647,3726.397279939906,4,25.065207810333316,121.46836074109844,33.38404615856507
346,2014.4634003922088,20.731206186351187,2156.192005517973,9,25.03986307502524,121.5478053115576,50.531616070087544
347,2014.5403746034706,4.267483403932193,1762.3782131074665,1,25.067892181900156,121.44465267710105,45.43053790879556
348,2012.1812160390882,49.843712592297365,1886.6418767737835,4,25.096359738652126,121.52837199177107,41.062502538784706
349,2013.4984504585059,25.10975051656213,4938.865340493487,4,25.024268899450707,121.51412992477619,21.347249601728226
350,2014.5034396628569,29.76925086600219,248.54049749178827,1,25.011836961365866,121.51361850246758,49.11191538042324
351,2014.0125450343203,3.3538238694213742,4341.805905806121,4,25.025647622092656,121.53260146922835,33.02201496413617
352,2015.4259593647532,37.49802351995889,2914.4432724333474,3,25.006535177352312,121.50967640723913,29.528827666942167
353,2014.6347745264757,10.495279654779289,2221.1463249884728,0,25.027017821181943,121.57585102296927,38.65284707261192
354,2012.6517377083258,44.90271447203569,3640.025419054926,2,24.989968441594513,121.53511601839006,21.3128781665808
355,2012.2822749896018,10.256982024100358,2459.011260052279,0,24.94368863657666,121.50939265027428,40.178437125840084
356,2014.5696771128253,9.534386033183328,4373.445028504219,10,24.924049445302334,121.56595262405753,43.249438321958195
357,2012.1060452421664,1.827483392404744,4508.474226855729,4,24.913668187106452,121.52122931298669,32.96170889159826
358,2014.343102325094,23.603347255499962,2137.5185880236045,3,24.95266315675064,121.45822884955705,43.49130265427865
359,2015.7609209656998,28.24205666313082,1420.2975963135052,6,24.909224712867147,121.44141898363532,42.61027307815493
360,2014.3018967115036,3.2854319714176183,2982.134126537143,4,25.013434155983877,121.43046555713254,43.3483452524723
361,2013.552679704826,38.776380834750526,4566.198560802621,9,24.956765689404705,121.57989104250922,25.23367960709261
362,2014.5731528737695,22.66444173740138,1092.7778355780495,3,25.064906961617407,121.54202708635961,52.834975061195294
363,2013.833011561966,26.219513466379002,3133.68458863924,1,24.914848174597676,121.58747568763286,34.49848269807398
364,2014.1824671572638,22.03813734691141,3176.2230894579766,3,24.945270298868298,121.52065836114299,47.25797934654047
365,2015.765859235106,20.0381530437663,3678.909460955641,1,25.04604922941803,121.49468017629898,34.28582543932383
366,2013.544410551203,27.982016565410895,701.2600413799361,7,25.0197616592767,121.41194329779418,46.450843675474644
367,2015.8447622552956,7.762012296535625,3593.3335751763384,2,24.912898254249832,121.5343284563092,37.04797773596058
368,2015.6214025678244,9.096406524763555,4549.7109772949225,8,25.07544789143244,121.51644175195365,35.93247934498731
369,2012.7831645391573,43.089281050675865,939.4313889076977,3,25.075452352565236,121.59804177871752,46.26624627552424
370,2012.2774452035007,47.305773106681634,1225.8394583731942,5,24.966081600775155,121.44783175555645,34.17336933624168
371,2012.4031120055097,18.665465813987648,4858.405715506116,9,24.96808116866991,121.50614747105736,32.36255725707413
372,2012.0728873026062,13.537233657177689,945.8359159119743,4,25.097805671670038,121.53019146702361,41.160593054803385
373,2012.3777718430238,32.19997716195079,4279.206212179417,9,25.02523523431863,121.52891823494846,34.50207668420268
374,2014.7320270936655,20.43670855490482,2486.775389417772,0,25.006263304113613,121.51225870858968,27.98772136252183
375,2012.284754593841,1.269317783017243,1273.7938182957264,8,25.067630436710385,121.55538560206544,52.94199004441987
376,2013.275902521175,7.807629868309518,4360.212011298931,0,24.95705806767146,121.44099624190537,35.8056965042301
377,2015.3795012438777,35.798611442369875,2254.261012263194,7,24.98583651867927,121.54512544005487,44.6385149879063
378,2012.0930877429432,32.94619709550757,2598.3459019519664,8,24.953555335097665,121.52394691428661,45.18558406087146
379,2015.2578739303558,1.3547996251741745,1828.2051785288402,8,25.05783216931775,121.57921502235891,64.39835631604318
380,2013.1274190990937,11.098608096647473,2985.106714602891,0,25.014669869127044,121.56943888780671,33.026172958205976
381,2012.4726593104867,11.55373982940357,859.4431692958627,1,25.031765014028014,121.46302940782651,40.49326119717392
382,2014.7869486614566,33.59463717993642,1985.8536064262155,0,24.950461449967882,121.45524746499504,21.491292101299713
383,2014.5157713871195,0.9855268877182077,4848.5909955596735,9,24.944045060275464,121.59633066477049,39.436099994169155
384,2015.5098880541082,5.2054290992286925,1327.7604918705813,1,24.997674925796588,121.50545303618306,51.326646813420794
385,2014.9402841752155,39.99580426865947,3300.8464894793965,9,25.047513149818567,121.58128419278289,33.22034569357437
386,2015.2139237215395,8.92723310271668,1659.6908179122397,7,25.005047951504032,121.4327762047561,54.78901216961319
387,2013.1281382902853,32.63730539259374,3878.6919721486734,4,24.906529135509132,121.52856378296003,33.9849742369063
388,2012.7097581751188,11.909139052336325,697.8246205558316,10,25.073710301264057,121.56197203747212,64.3648593837362
389,2015.0024590065634,4.972069637967258,4850.614173138796,6,24.912937378703024,121.58947904991729,38.250224886868764
390,2015.2273389570692,12.158609549972704,2296.2582298490142,1,25.09116489674415,121.46746802820341,40.14914555013024
391,2015.9620205680028,36.11334659278296,1218.4497935649965,7,24.905028391655453,121.5449962339848,48.97015141345338
392,2013.6504707076458,42.784823405314285,413.80889928356265,10,25.038890091226143,121.50776260180793,63.14087934435432
393,2013.488072343171,41.51099322834958,890.3016301833267,5,24.916441412742355,121.4121257852133,37.893735239440446
394,2015.105651842968,19.85917648092274,2622.8810453522874,7,25.08213531588703,121.53799994746178,46.129966213155676
395,2013.3632141610121,33.40425682853231,1718.1657233348672,0,24.992886647245108,121.53801931164756,22.29669216478023
396,2015.7230293024143,10.249214770791049,4152.972661118917,0,24.9275047549634,121.5861213609693,15.791641327235418
397,2015.433651007372,14.657386513050664,2182.893242125939,6,24.96816313995797,121.49946248923379,46.27996268119518
398,2013.7159761095002,44.81679092605599,1281.135649308768,7,24.93296493506935,121.44605018414211,46.866182320363144
399,2015.003484271166,0.6500961755368018,3104.867683689949,2,24.934116382311416,121.40891276468975,46.43397161507704
400,2015.0181714963387,4.2754265427234035,3548.5472235829566,4,25.08962166403429,121.48312843733719,51.07359458432051
401,2012.4124954753438,10.394312757301366,876.8574441097018,0,24.98904922245696,121.4603833400155,49.096722305588486
402,2015.6102116267182,1.3266101936909858,879.7151206271724,6,25.05776045278107,121.55221766120478,60.83927006074699
403,2014.0210094897914,9.071771754489866,231.5235633210377,4,25.027921112235536,121.47085355296821,54.92067493591693
404,2015.305829864431,29.152078048484608,3695.1899745749206,7,25.03528527246768,121.58981423926296,29.122286396663128
405,2013.2801984041225,21.0712275296249,3335.8324117279353,7,24.926338687694408,121.59246204059755,40.269286653763864
406,2015.5820929139848,44.63358555384874,2399.4228349615787,8,24.946836889363098,121.52418171804354,47.06469391532861
407,2013.5568067149366,40.87217808692205,4228.643722397525,6,25.05735006703089,121.58573205740298,33.08653724207596
408,2012.0433506059212,17.0908675848938,4038.067257102763,10,25.094153241294958,121.55217086890289,38.250732705603305
409,2015.621527905677,12.971171671564624,2947.504103763923,0,24.95253512851973,121.50937192819502,34.4412562160034
410,2012.3651467071445,18.984620408363345,4347.94283854063,2,24.954313752950206,121.43606158708457,29.206863744126444
411,2013.2772545503617,29.51474712574039,1068.913989682003,7,24.99457942656218,121.49171958870276,51.55045651444156
412,2015.8002478682033,13.403182041143813,604.002116018753,2,25.09676806257109,121.51217489267252,46.81975703067641
413,2015.8024285877502,31.2074453924567,1385.2605770090986,7,24.953791789165294,121.572792316147,51.03938333193846
414,2014.2937515524932,20.470582609562022,332.5799376421085,0,24.98139438192685,121.49626667530713,45.68249072348284
415,2014.5273488486791,27.602359042599012,2679.2891636051086,4,25.078296003124702,121.57953493453559,33.115552642037734
416,2013.7937820879133,21.806326456765834,4686.198176860059,3,24.90058420652427,121.5348697958047,28.30218148558043
417,2013.1728430867922,14.723287977095884,244.75052630912276,4,24.907953192997713,121.42739981261074,51.412285271589546
418,2013.3146581814797,47.422665348107834,654.4440743496326,7,25.020814335414244,121.59899627386501,39.064810685088275
419,2014.6900738243082,38.18028970798804,2288.3851900030045,9,25.08147603294257,121.50544653215078,42.295951962397744
420,2015.0094981177508,7.005658788322627,4672.681336763129,3,24.947771332080386,121.47837165928182,22.71644725296044
421,2015.1663161749034,43.42339879489564,1614.972719634915,10,24.99392835493614,121.5318227528939,53.79858443870726
422,2015.1584725711782,24.371559912475682,2560.8123030075426,3,24.990093060331564,121.42177866279621,37.663917398991174
423,2012.3648244121948,44.72761134470457,255.78565229944087,2,24.994594269219103,121.52730772935067,37.52533527906169
424,2013.9776812188104,39.992762797365764,784.2988447623399,6,25.024503939145948,121.49964720009986,53.18328365342181
425,2012.2302350400666,21.26067522346167,4933.819108646292,2,24.993948752598136,121.48133481399972,23.292656427635873
426,2014.198115529295,1.12346541600587,4827.337547358426,2,24.98949362826449,121.59060400423577,22.370158858571735
427,2013.7661220054936,13.433867969247304,74.4529056253276,10,24.994857684086252,121.50450794334641,63.40018238018011
428,2015.5508167310331,27.081710733043344,4761.468337845033,9,25.01817348825421,121.443823495894,44.2324160272283
429,2013.4036600502084,31.673910991307363,3213.6436921867266,4,25.007401497670273,121.49179269587546,29.082230116228445
430,2012.4682680657104,12.894384271660114,4346.19555787411,4,25.0708271995301,121.58387748091452,33.776813372920564
431,2012.5719667282112,6.967803703641207,2300.9622853876026,5,24.90989937069873,121.43521909426612,50.124230584542815
432,2015.04604252687,41.74651183996495,2602.2003414672886,7,25.066663414294602,121.44279140773764,41.414787163448786
433,2014.472872253265,49.22010903517761,2469.790572271755,9,25.068784922522347,121.40260591355143,53.13231342287844
434,2012.404490704491,26.28450911513429,3350.9780748532166,5,24.95698160430619,121.40283800987916,29.47824060657728
435,2012.33642722446,8.583964292415175,741.2737110437489,0,24.99257039100317,121.5658783253917,38.33612675439269
436,2014.8038765258366,13.615366325968449,198.36926986975587,7,24.98770769770749,121.54642452136859,53.12477151735003
437,2012.2910520254568,0.9195338273733367,1574.253210876395,7,24.943701966870826,121.4710082112904,54.3732816923216
438,2015.2874402371615,45.71494032802495,3538.169775546401,8,24.979359369417264,121.53966223144552,40.09155596477276
439,2014.824968908626,5.887554144507057,1049.1745880085944,8,24.90887755443417,121.47904118526199,53.82918791762235
440,2012.3253951225677,28.825823775712678,3383.4905449583407,1,24.955564414556346,121.59057935919957,32.00160267221418
441,2012.3393508563408,13.7027610343603,4851.064628230989,1,25.063336435090143,121.5934105362852,23.809481898175644
442,2015.9465583140047,27.708900125789672,514.808543157621,2,24.95691246035258,121.47855875516187,37.56830378042038
443,2013.4970831830244,32.57101941759321,3379.380485214375,0,25.06364133374965,121.57084438126817,14.57494196581088
444,2013.4825685882677,41.48709018536008,2246.563585557627,3,25.006319892920885,121.55461780833949,24.68320254755721
445,2015.25119826903,10.32106358803016,4347.3041591686515,3,25.075972535472232,121.46199998743435,27.837893086578074
446,2015.7889943095354,0.5497914329240239,926.8914577645603,8,25.014955910852883,121.44640796578022,60.35484940258339
447,2015.9440042552915,6.844281503440364,3478.498463519514,8,24.905933644612947,121.49164693007857,53.28453811502257
448,2015.0135127410358,45.00093209240526,4198.670683758146,8,25.035084041509418,121.55626976812287,35.50180801442889
449,2013.5050383421237,43.694503878125765,4725.840386396415,9,24.908970713604713,121.59203355694575,27.067740644178684
450,2012.3340028667947,29.870655108515415,3432.077740033747,6,24.990119403796626,121.55271581377332,37.92174118413748
451,2015.1085876637098,30.025843021682668,2511.015081841715,1,25.085885338894624,121.57104139700367,38.69490303024783
452,2014.2336169989433,33.25183372731277,3108.3438389960083,9,24.93304078786757,121.5206128612341,51.852317791976304
453,2013.696888036988,8.76856393117248,4351.0796731696555,4,24.977974470588308,121.56708156616843,32.04200239703199
454,2015.625417540379,45.72059729624799,2874.518245862207,3,25.045972061769696,121.55688417160069,32.70267173033958
455,2012.4447899292245,20.938526244603654,200.41594549934246,10,25.076451711218972,121.47539710838525,69.66613923356131
456,2013.9705004171635,19.156926412474874,4658.19604275954,7,25.034188600948504,121.51039806042414,27.426582246567904
457,2012.0454145790698,25.94588526414188,3463.1574176062277,1,24.951634650838233,121.56095062439793,24.338411896927813
458,2013.8746425679765,2.3482983387527523,3398.74125959737,5,25.034921570583244,121.40921134683799,53.40189787250364
459,2012.2252131027274,8.314168437803971,1117.5920043687,4,24.95934552822082,121.56161585647116,48.412608896210784
460,2012.4752716650723,36.90168082131852,3311.4830776516533,1,25.043685845963747,121.43557762480981,9.727323541840688
461,2012.4701049871085,4.139933396256323,1999.6288079880844,10,25.090806625517008,121.50293672342428,58.15506688924907
462,2014.5968412084642,30.15760547331941,3273.603236355386,9,25.044278690221258,121.56165508791118,48.20782967180656
463,2014.9841795170616,12.267455484066048,577.6355000245541,0,25.072576100582484,121.45076421563134,43.46413803866189
464,2014.3334750603885,19.464780702098828,3306.3342577850285,7,24.900420768635176,121.44916148786123,45.20571423444838
465,2015.8486901938982,14.434686838534994,4997.097942564799,1,25.04351442494632,121.48055287969245,27.375214223894158
466,2013.4994823180948,17.783635823247458,288.6495923597523,6,25.06591751137305,121.57892855951552,53.44697403406559
467,2013.1428483451275,35.95229525921228,4887.0122118955205,8,24.908111747508936,121.40008855628744,28.182285430686836
468,2015.474396512758,14.85608578115875,2064.1944055782096,8,25.074319545457648,121.58027661932839,51.98940711753268
469,2012.8943833540777,28.32023201484486,4360.229579169433,7,24.951338845662008,121.43076140492832,34.591677114348784
470,2015.8528901577624,23.802520109954983,3922.8081460884537,10,25.033058420395612,121.5980172752135,43.51558733580609
471,2012.0486178987592,33.18355826813241,2856.7304918840055,9,25.06007097580468,121.59096939860768,44.23706267355257
472,2015.8795153068306,46.8414869662379,3705.3235857940663,8,25.032532902611873,121.49893503791826,29.67820530805461
473,2012.1726396478023,36.62860486051252,4398.652028441672,1,24.91845695841465,121.50254404956253,22.76959295004263
474,2015.5645724547924,10.747018929537838,2050.494592172613,5,25.019264303772076,121.49630986805518,49.519581095840415
475,2014.1108044363452,1.5591567530642336,1668.8141497380316,3,25.00991673134443,121.5270887291319,40.50814039221328
476,2015.9718591844771,13.113202214991254,3354.587258539744,3,25.080064253614854,121.41814434044699,33.34729145737407
477,2012.2951862589416,29.753896535012743,4048.83741260923,4,24.98084794592884,121.40652358966832,29.29504333914726
478,2014.2154171376053,2.5712906742125172,3823.311417144248,2,24.96421621941741,121.41154058568318,31.440490700634136
479,2015.8772101424763,24.818312360061817,3999.1775618502406,0,25.049970152887294,121.48887306984831,25.74547837066922
480,2014.0923913766806,29.84214244584446,2206.1374083240185,7,24.98253506521668,121.45510958784389,43.682257532340884
481,2014.5175945525411,16.712194540848042,4098.279370066357,4,25.029219235001012,121.5244079124742,33.340307434689734
482,2014.7829947559385,38.545610187291096,645.0348240845118,2,25.029290018024923,121.59848845787495,37.207596285974745
483,2013.8181642590712,5.32991265668859,2745.221034906205,9,25.077607812872024,121.4772646346153,42.70882691140932
484,2014.5102323203362,3.756889086790438,78.50536946570178,6,25.01973848046382,121.51476825082091,50.22866481882211
485,2014.3372572476924,36.409437810180165,1656.699858006338,6,25.000430721992398,121.48312077918146,45.741717100374395
486,2015.604632041964,24.774565810309923,1863.9845976134195,0,24.927774265279304,121.56945433354437,34.5822676512869
487,2012.1817855213658,34.420119821386805,2011.0548234658143,8,24.92314752133574,121.58044728069244,47.81200096801031
488,2013.123852758369,21.74136693018731,3492.5626731148177,1,24.930864313056613,121.57547112244104,28.687140765684283
489,2015.8016459363062,12.320101661955341,1973.3626012882114,4,24.934369696265417,121.59487444773585,45.509993511839916
490,2015.5610551355637,40.955115883709986,2271.0334319815265,4,25.027575418532727,121.40550383702809,39.20341494307331
491,2013.822627011143,39.970793948448964,1225.843447827921,7,25.048196250054918,121.56796323242911,48.10264143833277
492,2014.4805303912062,34.73482354272134,1897.5963685652334,7,25.005998304585283,121.55035443460781,49.296117845888
493,2013.1095247319245,13.607256861498135,1174.9846549525998,6,25.0658035465091,121.44573888188008,52.90020887292055
494,2012.752484638895,29.511533343454353,412.319822653796,6,25.09825264534673,121.5912640186775,49.58303218109586
495,2013.85479361976,18.04869484700134,3037.0705372378206,10,25.064002525823874,121.429635585646,50.37105317049172
496,2013.4134089121042,4.579103666331708,3357.6533528473306,5,25.038976474735193,121.53590998542678,37.65711272842735
497,2014.3346244474035,45.86567877311214,3116.4772127475917,5,25.006498539887428,121.44497804336318,28.75867565976886
498,2012.31093854786,6.84093154594807,2344.2955168128333,10,24.98977061433494,121.48627612975481,57.114099495351596
499,2015.8975792306646,47.51186769104012,1929.9396118871875,8,24.916878476108906,121.54383197938891,42.91833329275708
500,2015.9448429779184,22.300288647897787,4323.501565380535,5,24.979873749678937,121.51266492840661,31.16031117871305
